DATE,CSUSHPISA,Year,Month,PER_CAPITA_GDP,working_age_pop,Houses,CPI,UNRATE,EMP_RATE,Cons_Material,FEDFUNDS,% Urban population,Num_Households,median_income,Subsidy,% old_age_pop
2004-01-01,141.647,2004,1,52179.0,187567500.0,3.8,186.3,5.7,71.26120999999999,150.0,1.0,79.757,112000,65760.0,27.201,12.30471923
2004-02-01,143.192,2004,2,52275.666666666664,187830600.0,3.7,186.7,5.6,71.20414,153.4,1.01,79.757,112000,65760.0,27.201,12.30471923
2004-03-01,145.058,2004,3,52372.333333333336,188108000.0,3.6,187.1,5.8,71.04634,156.5,1.0,79.757,112000,65760.0,27.201,12.30471923
2004-04-01,146.592,2004,4,52469.0,188336800.0,4.0,187.4,5.6,71.19504,160.1,1.0,79.757,112000,65760.0,27.201,12.30471923
2004-05-01,148.186,2004,5,52591.0,188539500.0,3.8,188.2,5.6,71.14265,162.7,1.0,79.757,112000,65760.0,27.201,12.30471923
2004-06-01,149.851,2004,6,52713.0,188690600.0,3.9,188.9,5.6,71.10732,162.0,1.03,79.757,112000,65760.0,27.201,12.30471923
2004-07-01,151.338,2004,7,52835.0,188782800.0,4.5,189.1,5.5,71.29604,162.2,1.26,79.757,112000,65760.0,27.201,12.30471923
2004-08-01,152.634,2004,8,52970.666666666664,189029100.0,4.3,189.2,5.4,71.25793,165.9,1.43,79.757,112000,65760.0,27.201,12.30471923
2004-09-01,154.18,2004,9,53106.333333333336,189281900.0,4.1,189.8,5.4,71.16149,167.2,1.61,79.757,112000,65760.0,27.201,12.30471923
2004-10-01,155.752,2004,10,53242.0,189471600.0,3.9,190.8,5.5,71.2291,165.9,1.76,79.757,112000,65760.0,27.201,12.30471923
2004-11-01,157.528,2004,11,53401.0,189647800.0,4.3,191.7,5.4,71.36205,165.5,1.93,79.757,112000,65760.0,27.201,12.30471923
2004-12-01,159.331,2004,12,53560.0,189849000.0,4.1,191.7,5.4,71.30608000000001,166.3,2.16,79.757,112000,65760.0,27.201,12.30471923
2005-01-01,161.289,2005,1,53719.0,190030800.0,4.4,191.6,5.3,71.31815,168.6,2.28,79.928,113343,66780.0,27.651,12.36016288
2005-02-01,163.344,2005,2,53768.666666666664,190206400.0,4.3,192.4,5.4,71.23395,170.4,2.5,79.928,113343,66780.0,27.651,12.36016288
2005-03-01,165.813,2005,3,53818.333333333336,190429200.0,4.1,193.1,5.2,71.28214,170.0,2.63,79.928,113343,66780.0,27.651,12.36016288
2005-04-01,167.502,2005,4,53868.0,190493800.0,4.3,193.7,5.2,71.41856,170.0,2.79,79.928,113343,66780.0,27.651,12.36016288
2005-05-01,169.351,2005,5,53963.0,190683200.0,4.2,193.6,5.1,71.52468,168.1,3.0,79.928,113343,66780.0,27.651,12.36016288
2005-06-01,171.191,2005,6,54058.0,190897800.0,4.3,193.7,5.0,71.48533,167.8,3.04,79.928,113343,66780.0,27.651,12.36016288
2005-07-01,172.86,2005,7,54153.0,191053200.0,4.2,194.9,5.0,71.62051,167.2,3.26,79.928,113343,66780.0,27.651,12.36016288
2005-08-01,174.442,2005,8,54207.666666666664,191193200.0,4.5,196.1,4.9,71.81305,165.9,3.5,79.928,113343,66780.0,27.651,12.36016288
2005-09-01,176.437,2005,9,54262.333333333336,191475400.0,4.7,198.8,5.0,71.69244,168.9,3.62,79.928,113343,66780.0,27.651,12.36016288
2005-10-01,178.027,2005,10,54317.0,191700200.0,4.5,199.1,5.0,71.70146,171.6,3.78,79.928,113343,66780.0,27.651,12.36016288
2005-11-01,179.68,2005,11,54520.333333333336,191993800.0,5.0,198.1,5.0,71.56659,172.7,4.0,79.928,113343,66780.0,27.651,12.36016288
2005-12-01,180.91,2005,12,54723.666666666664,192185900.0,4.9,198.1,4.9,71.63467,173.5,4.16,79.928,113343,66780.0,27.651,12.36016288
2006-01-01,182.32,2006,1,54927.0,192324000.0,5.3,199.3,4.7,71.68746999999999,177.2,4.29,80.099,114384,67520.0,28.604,12.42207195
2006-02-01,183.287,2006,2,54933.0,192512200.0,6.1,199.4,4.8,71.76935999999999,177.7,4.49,80.099,114384,67520.0,28.604,12.42207195
2006-03-01,184.365,2006,3,54939.0,192619200.0,5.9,199.7,4.7,71.81908,178.3,4.59,80.099,114384,67520.0,28.604,12.42207195
2006-04-01,184.328,2006,4,54945.0,192790300.0,6.3,200.7,4.7,71.79715999999999,179.0,4.79,80.099,114384,67520.0,28.604,12.42207195
2006-05-01,184.155,2006,5,54925.333333333336,192948300.0,6.2,201.3,4.6,71.87263,179.9,4.94,80.099,114384,67520.0,28.604,12.42207195
2006-06-01,183.507,2006,6,54905.666666666664,193183000.0,6.3,201.8,4.6,72.01233,180.7,4.99,80.099,114384,67520.0,28.604,12.42207195
2006-07-01,183.066,2006,7,54886.0,193410800.0,7.3,202.9,4.7,72.02241,182.3,5.24,80.099,114384,67520.0,28.604,12.42207195
2006-08-01,182.593,2006,8,54996.0,193525600.0,6.7,203.8,4.7,72.10639,182.6,5.25,80.099,114384,67520.0,28.604,12.42207195
2006-09-01,182.798,2006,9,55106.0,193585100.0,6.7,202.8,4.5,72.05588,183.3,5.25,80.099,114384,67520.0,28.604,12.42207195
2006-10-01,183.197,2006,10,55216.0,193711000.0,7.3,201.9,4.4,72.24441,182.3,5.25,80.099,114384,67520.0,28.604,12.42207195
2006-11-01,183.608,2006,11,55230.666666666664,193924100.0,6.6,202.0,4.5,72.17589,179.8,5.25,80.099,114384,67520.0,28.604,12.42207195
2006-12-01,184.138,2006,12,55245.333333333336,194093200.0,6.5,203.1,4.4,72.3156,179.8,5.24,80.099,114384,67520.0,28.604,12.42207195
2007-01-01,184.516,2007,1,55260.0,194822600.0,7.2,203.437,4.6,72.1211,181.1,5.25,80.269,116011,68610.0,29.512,12.5078037
2007-02-01,184.598,2007,2,55331.333333333336,195054500.0,7.9,204.226,4.5,71.96446,181.5,5.26,80.269,116011,68610.0,29.512,12.5078037
2007-03-01,184.15,2007,3,55402.666666666664,195156400.0,7.9,205.288,4.4,71.99565,182.5,5.26,80.269,116011,68610.0,29.512,12.5078037
2007-04-01,183.01,2007,4,55474.0,195253900.0,7.4,205.904,4.5,71.71088,183.7,5.25,80.269,116011,68610.0,29.512,12.5078037
2007-05-01,181.6,2007,5,55532.333333333336,195417400.0,7.8,206.755,4.4,71.75668,184.0,5.25,80.269,116011,68610.0,29.512,12.5078037
2007-06-01,180.253,2007,6,55590.666666666664,195662900.0,8.2,207.234,4.6,71.77589,184.0,5.25,80.269,116011,68610.0,29.512,12.5078037
2007-07-01,179.11,2007,7,55649.0,195834700.0,8.3,207.603,4.7,71.74501,184.2,5.26,80.269,116011,68610.0,29.512,12.5078037
2007-08-01,178.116,2007,8,55718.333333333336,195970800.0,9.2,207.667,4.6,71.58324,183.9,5.02,80.269,116011,68610.0,29.512,12.5078037
2007-09-01,177.557,2007,9,55787.666666666664,196064700.0,9.2,208.547,4.7,71.71191,183.4,4.94,80.269,116011,68610.0,29.512,12.5078037
2007-10-01,176.623,2007,10,55857.0,196112600.0,8.5,209.19,4.7,71.58403,183.0,4.76,80.269,116011,68610.0,29.512,12.5078037
2007-11-01,175.146,2007,11,55737.0,196172900.0,9.4,210.834,4.7,71.77032,183.3,4.49,80.269,116011,68610.0,29.512,12.5078037
2007-12-01,174.341,2007,12,55617.0,196411200.0,9.6,211.445,5.0,71.54961999999999,183.5,4.24,80.269,116011,68610.0,29.512,12.5078037
2008-01-01,173.131,2008,1,55497.0,196060600.0,9.3,212.174,5.0,71.675,184.3,3.94,80.438,116783,66280.0,29.876,12.6708585
2008-02-01,171.539,2008,2,55566.333333333336,196238800.0,9.7,212.687,4.9,71.43489,185.7,2.98,80.438,116783,66280.0,29.876,12.6708585
2008-03-01,170.052,2008,3,55635.666666666664,196376200.0,10.5,213.448,5.1,71.42358,187.8,2.61,80.438,116783,66280.0,29.876,12.6708585
2008-04-01,168.337,2008,4,55705.0,196226800.0,10.3,213.942,5.0,71.40968000000001,190.9,2.28,80.438,116783,66280.0,29.876,12.6708585
2008-05-01,166.658,2008,5,55562.666666666664,196451800.0,10.7,215.208,5.4,71.20107,195.8,1.98,80.438,116783,66280.0,29.876,12.6708585
2008-06-01,165.016,2008,6,55420.333333333336,196512500.0,10.7,217.463,5.6,71.12018,200.4,2.0,80.438,116783,66280.0,29.876,12.6708585
2008-07-01,163.564,2008,7,55278.0,196570000.0,10.5,219.016,5.8,70.9221,203.4,2.01,80.438,116783,66280.0,29.876,12.6708585
2008-08-01,161.986,2008,8,54832.333333333336,196688200.0,11.3,218.69,6.1,70.70241,206.5,2.0,80.438,116783,66280.0,29.876,12.6708585
2008-09-01,160.307,2008,9,54386.666666666664,196838600.0,10.9,218.877,6.1,70.51952,206.3,1.81,80.438,116783,66280.0,29.876,12.6708585
2008-10-01,158.326,2008,10,53941.0,196975300.0,11.6,216.995,6.5,70.36758,201.8,0.97,80.438,116783,66280.0,29.876,12.6708585
2008-11-01,156.141,2008,11,53701.0,197131300.0,11.4,213.153,6.8,69.92626,199.6,0.39,80.438,116783,66280.0,29.876,12.6708585
2008-12-01,153.618,2008,12,53461.0,197421900.0,11.2,211.398,7.3,69.55478000000001,194.8,0.16,80.438,116783,66280.0,29.876,12.6708585
2009-01-01,151.506,2009,1,53221.0,197061200.0,12.2,211.933,7.8,69.04108000000001,193.3,0.15,80.606,117181,65850.0,32.883,12.85625857
2009-02-01,150.014,2009,2,53153.0,197289800.0,10.5,212.705,8.3,68.7477,191.2,0.22,80.606,117181,65850.0,32.883,12.85625857
2009-03-01,148.659,2009,3,53085.0,197534500.0,11.0,212.495,8.7,68.23695,190.2,0.18,80.606,117181,65850.0,32.883,12.85625857
2009-04-01,147.947,2009,4,53017.0,197857400.0,10.7,212.709,9.0,68.14206,188.1,0.15,80.606,117181,65850.0,32.883,12.85625857
2009-05-01,147.693,2009,5,53038.333333333336,197951500.0,9.3,213.022,9.4,67.77575,186.9,0.18,80.606,117181,65850.0,32.883,12.85625857
2009-06-01,148.088,2009,6,53059.666666666664,197605500.0,8.5,214.79,9.5,67.81184,187.1,0.21,80.606,117181,65850.0,32.883,12.85625857
2009-07-01,148.408,2009,7,53081.0,197704000.0,7.9,214.726,9.5,67.69003000000001,187.6,0.16,80.606,117181,65850.0,32.883,12.85625857
2009-08-01,148.277,2009,8,53231.0,198047200.0,7.5,215.445,9.6,67.32019,188.1,0.16,80.606,117181,65850.0,32.883,12.85625857
2009-09-01,148.024,2009,9,53381.0,198371800.0,7.8,215.861,9.8,66.88446,189.3,0.15,80.606,117181,65850.0,32.883,12.85625857
2009-10-01,147.85,2009,10,53531.0,198663700.0,7.4,216.509,10.0,66.61475,189.7,0.12,80.606,117181,65850.0,32.883,12.85625857
2009-11-01,148.136,2009,11,53581.666666666664,198712500.0,7.6,217.234,9.9,66.69272,189.2,0.12,80.606,117181,65850.0,32.883,12.85625857
2009-12-01,147.93,2009,12,53632.333333333336,198771900.0,8.0,217.347,9.9,66.43693,189.4,0.12,80.606,117181,65850.0,32.883,12.85625857
2010-01-01,147.396,2010,1,53683.0,198248000.0,8.1,217.488,9.8,66.78126999999999,190.3,0.11,80.772,117538,64300.0,32.669,13.0281785
2010-02-01,145.631,2010,2,53822.0,198435800.0,8.3,217.281,9.8,66.72453,192.2,0.13,80.772,117538,64300.0,32.669,13.0281785
2010-03-01,145.858,2010,3,53961.0,198658000.0,7.1,217.353,9.9,66.73448,193.7,0.16,80.772,117538,64300.0,32.669,13.0281785
2010-04-01,146.401,2010,4,54100.0,198999400.0,6.2,217.403,9.9,66.839,196.5,0.2,80.772,117538,64300.0,32.669,13.0281785
2010-05-01,146.392,2010,5,54200.333333333336,199085800.0,9.3,217.29,9.6,66.734,198.9,0.2,80.772,117538,64300.0,32.669,13.0281785
2010-06-01,145.719,2010,6,54300.666666666664,198930800.0,8.3,217.199,9.4,66.74086,197.2,0.18,80.772,117538,64300.0,32.669,13.0281785
2010-07-01,144.987,2010,7,54401.0,199011400.0,8.9,217.605,9.4,66.71754,195.6,0.18,80.772,117538,64300.0,32.669,13.0281785
2010-08-01,143.912,2010,8,54457.0,199217700.0,8.8,217.923,9.5,66.76039,194.1,0.19,80.772,117538,64300.0,32.669,13.0281785
2010-09-01,143.015,2010,9,54513.0,199523400.0,7.6,218.275,9.5,66.65043,193.9,0.19,80.772,117538,64300.0,32.669,13.0281785
2010-10-01,142.526,2010,10,54569.0,199858800.0,8.2,219.035,9.4,66.46425,193.8,0.19,80.772,117538,64300.0,32.669,13.0281785
2010-11-01,142.167,2010,11,54493.0,199984900.0,8.2,219.59,9.8,66.38101,193.6,0.19,80.772,117538,64300.0,32.669,13.0281785
2010-12-01,142.054,2010,12,54417.0,200025500.0,7.0,220.472,9.3,66.50674000000001,194.2,0.18,80.772,117538,64300.0,32.669,13.0281785
2011-01-01,141.516,2011,1,54341.0,199137400.0,7.3,221.187,9.1,66.69208,195.9,0.17,80.944,119927,63350.0,34.23,13.27020312
2011-02-01,140.343,2011,2,54430.666666666664,199349700.0,8.1,221.898,9.0,66.6004,198.1,0.16,80.944,119927,63350.0,34.23,13.27020312
2011-03-01,139.975,2011,3,54520.333333333336,199557800.0,7.2,223.046,9.0,66.67642,199.7,0.14,80.944,119927,63350.0,34.23,13.27020312
2011-04-01,140.007,2011,4,54610.0,199940400.0,6.7,224.093,9.1,66.54482,201.1,0.1,80.944,119927,63350.0,34.23,13.27020312
2011-05-01,139.903,2011,5,54567.333333333336,200041900.0,6.6,224.806,9.0,66.53605,201.6,0.09,80.944,119927,63350.0,34.23,13.27020312
2011-06-01,139.86,2011,6,54524.666666666664,199988200.0,6.6,224.806,9.1,66.42603000000001,201.9,0.09,80.944,119927,63350.0,34.23,13.27020312
2011-07-01,139.728,2011,7,54482.0,200105400.0,6.7,225.395,9.0,66.41691999999999,202.6,0.07,80.944,119927,63350.0,34.23,13.27020312
2011-08-01,139.308,2011,8,54647.666666666664,200134400.0,6.5,226.106,9.0,66.66683,202.8,0.1,80.944,119927,63350.0,34.23,13.27020312
2011-09-01,138.667,2011,9,54813.333333333336,200253200.0,6.3,226.597,9.0,66.68784000000001,202.7,0.08,80.944,119927,63350.0,34.23,13.27020312
2011-10-01,137.951,2011,10,54979.0,200419700.0,6.0,226.75,8.8,66.66634,202.7,0.07,80.944,119927,63350.0,34.23,13.27020312
2011-11-01,137.15,2011,11,55100.0,200326200.0,5.7,227.169,8.6,66.8063,202.2,0.08,80.944,119927,63350.0,34.23,13.27020312
2011-12-01,136.672,2011,12,55221.0,200312300.0,5.3,227.223,8.5,66.84204,202.2,0.07,80.944,119927,63350.0,34.23,13.27020312
2012-01-01,136.606,2012,1,55342.0,200971900.0,5.3,227.842,8.3,66.92182,203.9,0.08,81.119,121084,63350.0,33.283,13.58443693
2012-02-01,136.531,2012,2,55391.333333333336,201104200.0,4.8,228.329,8.3,66.96387,205.1,0.1,81.119,121084,63350.0,33.283,13.58443693
2012-03-01,137.902,2012,3,55440.666666666664,201258900.0,4.9,228.807,8.2,66.98264,205.7,0.13,81.119,121084,63350.0,33.283,13.58443693
2012-04-01,139.151,2012,4,55490.0,201504000.0,4.9,229.187,8.2,66.93391,206.3,0.14,81.119,121084,63350.0,33.283,13.58443693
2012-05-01,140.152,2012,5,55478.0,201526300.0,4.7,228.713,8.2,67.06319,206.5,0.16,81.119,121084,63350.0,33.283,13.58443693
2012-06-01,141.028,2012,6,55466.0,201452400.0,4.8,228.524,8.2,67.1325,206.6,0.16,81.119,121084,63350.0,33.283,13.58443693
2012-07-01,141.669,2012,7,55454.0,201487700.0,4.6,228.59,8.2,67.05669,206.2,0.16,81.119,121084,63350.0,33.283,13.58443693
2012-08-01,142.278,2012,8,55437.0,201585400.0,4.6,229.918,8.1,67.01395,205.5,0.13,81.119,121084,63350.0,33.283,13.58443693
2012-09-01,142.906,2012,9,55420.0,201600400.0,4.5,231.015,7.8,67.31342,206.6,0.14,81.119,121084,63350.0,33.283,13.58443693
2012-10-01,143.597,2012,10,55403.0,201661600.0,4.9,231.638,7.8,67.49073,205.5,0.16,81.119,121084,63350.0,33.283,13.58443693
2012-11-01,144.58,2012,11,55555.0,201708900.0,4.6,231.249,7.7,67.27306999999999,205.6,0.16,81.119,121084,63350.0,33.283,13.58443693
2012-12-01,145.497,2012,12,55707.0,201843200.0,4.5,231.221,7.9,67.29604,206.4,0.16,81.119,121084,63350.0,33.283,13.58443693
2013-01-01,146.823,2013,1,55859.0,201723900.0,4.0,231.679,8.0,67.25576,208.4,0.14,81.299,122459,65740.0,33.213,13.89107568
2013-02-01,147.781,2013,2,55877.333333333336,201888400.0,4.1,232.937,7.7,67.24407,209.1,0.15,81.299,122459,65740.0,33.213,13.89107568
2013-03-01,149.96,2013,3,55895.666666666664,202027600.0,4.2,232.282,7.5,67.18841,209.8,0.14,81.299,122459,65740.0,33.213,13.89107568
2013-04-01,151.517,2013,4,55914.0,202177000.0,4.4,231.797,7.6,67.25117,210.7,0.15,81.299,122459,65740.0,33.213,13.89107568
2013-05-01,152.849,2013,5,56033.333333333336,202292300.0,4.6,231.893,7.5,67.33892,209.5,0.11,81.299,122459,65740.0,33.213,13.89107568
2013-06-01,154.199,2013,6,56152.666666666664,202279000.0,4.1,232.445,7.5,67.36057,208.8,0.09,81.299,122459,65740.0,33.213,13.89107568
2013-07-01,155.604,2013,7,56272.0,202317000.0,5.5,232.9,7.3,67.48463000000001,208.3,0.09,81.299,122459,65740.0,33.213,13.89107568
2013-08-01,156.961,2013,8,56395.333333333336,202482500.0,5.5,233.456,7.2,67.42302,208.9,0.08,81.299,122459,65740.0,33.213,13.89107568
2013-09-01,158.223,2013,9,56518.666666666664,202625900.0,5.4,233.544,7.2,67.47519,208.9,0.08,81.299,122459,65740.0,33.213,13.89107568
2013-10-01,159.239,2013,10,56642.0,202701100.0,4.9,233.669,7.2,67.14536,209.3,0.09,81.299,122459,65740.0,33.213,13.89107568
2013-11-01,160.073,2013,11,56543.0,202719800.0,5.0,234.1,6.9,67.45278,209.8,0.08,81.299,122459,65740.0,33.213,13.89107568
2013-12-01,160.992,2013,12,56444.0,202734500.0,5.2,234.719,6.7,67.547,209.8,0.09,81.299,122459,65740.0,33.213,13.89107568
2014-01-01,161.923,2014,1,56345.0,202554100.0,5.1,235.288,6.6,67.72102,211.7,0.07,81.483,123229,64900.0,33.806,14.13556338
2014-02-01,162.521,2014,2,56552.666666666664,202683000.0,5.3,235.547,6.7,67.7045,212.7,0.07,81.483,123229,64900.0,33.806,14.13556338
2014-03-01,163.081,2014,3,56760.333333333336,202708500.0,5.6,236.028,6.7,67.90665,213.4,0.08,81.483,123229,64900.0,33.806,14.13556338
2014-04-01,163.387,2014,4,56968.0,202805600.0,5.7,236.468,6.2,67.94513,213.6,0.09,81.483,123229,64900.0,33.806,14.13556338
2014-05-01,163.655,2014,5,57157.333333333336,202937000.0,5.2,236.918,6.3,68.02985,214.3,0.09,81.483,123229,64900.0,33.806,14.13556338
2014-06-01,164.065,2014,6,57346.666666666664,203042200.0,5.7,237.231,6.1,68.15089,214.5,0.1,81.483,123229,64900.0,33.806,14.13556338
2014-07-01,164.585,2014,7,57536.0,203037900.0,6.2,237.498,6.2,68.15983,214.8,0.09,81.483,123229,64900.0,33.806,14.13556338
2014-08-01,165.211,2014,8,57591.333333333336,203158700.0,5.4,237.46,6.1,68.21954000000001,215.5,0.09,81.483,123229,64900.0,33.806,14.13556338
2014-09-01,165.901,2014,9,57646.666666666664,203208200.0,5.4,237.477,5.9,68.27580999999999,215.7,0.09,81.483,123229,64900.0,33.806,14.13556338
2014-10-01,166.637,2014,10,57702.0,203258500.0,5.3,237.43,5.7,68.57591,215.9,0.09,81.483,123229,64900.0,33.806,14.13556338
2014-11-01,167.331,2014,11,57841.666666666664,203376000.0,5.7,236.983,5.8,68.52122,215.8,0.09,81.483,123229,64900.0,33.806,14.13556338
2014-12-01,168.045,2014,12,57981.333333333336,203422100.0,5.1,236.252,5.6,68.48817,215.5,0.12,81.483,123229,64900.0,33.806,14.13556338
2015-01-01,168.625,2015,1,58121.0,203861600.0,4.8,234.747,5.7,68.54179,215.8,0.11,81.671,124587,68410.0,34.859,14.3277541
2015-02-01,169.122,2015,2,58206.0,203946100.0,4.5,235.342,5.5,68.53787,215.3,0.11,81.671,124587,68410.0,34.859,14.3277541
2015-03-01,169.793,2015,3,58291.0,203977400.0,5.1,235.976,5.4,68.42081999999999,215.0,0.11,81.671,124587,68410.0,34.859,14.3277541
2015-04-01,170.292,2015,4,58376.0,203993100.0,4.9,236.222,5.4,68.67575,214.5,0.12,81.671,124587,68410.0,34.859,14.3277541
2015-05-01,170.875,2015,5,58412.666666666664,204206000.0,5.0,237.001,5.6,68.79496,213.7,0.12,81.671,124587,68410.0,34.859,14.3277541
2015-06-01,171.476,2015,6,58449.333333333336,204414700.0,5.4,237.657,5.3,68.68949,213.7,0.13,81.671,124587,68410.0,34.859,14.3277541
2015-07-01,172.146,2015,7,58486.0,204513900.0,5.2,238.034,5.2,68.63828000000001,213.7,0.13,81.671,124587,68410.0,34.859,14.3277541
2015-08-01,172.93,2015,8,58480.666666666664,204554200.0,5.0,238.033,5.1,68.75819,213.3,0.14,81.671,124587,68410.0,34.859,14.3277541
2015-09-01,173.823,2015,9,58475.333333333336,204601900.0,5.9,237.498,5.0,68.66492,212.5,0.14,81.671,124587,68410.0,34.859,14.3277541
2015-10-01,174.787,2015,10,58470.0,204679200.0,5.6,237.733,5.0,68.74213,212.4,0.12,81.671,124587,68410.0,34.859,14.3277541
2015-11-01,175.733,2015,11,58548.0,204727900.0,5.5,238.017,5.1,68.8962,211.7,0.12,81.671,124587,68410.0,34.859,14.3277541
2015-12-01,176.536,2015,12,58626.0,204758500.0,5.1,237.761,5.0,69.0938,210.9,0.24,81.671,124587,68410.0,34.859,14.3277541
2016-01-01,177.261,2016,1,58704.0,205073500.0,5.6,237.652,4.8,69.18366,211.4,0.34,81.862,125819,70840.0,37.55,14.6723115
2016-02-01,177.639,2016,2,58731.666666666664,205104200.0,5.5,237.336,4.9,69.25465,211.3,0.38,81.862,125819,70840.0,37.55,14.6723115
2016-03-01,178.156,2016,3,58759.333333333336,205205800.0,5.5,238.08,5.0,69.2868,211.6,0.36,81.862,125819,70840.0,37.55,14.6723115
2016-04-01,178.757,2016,4,58787.0,205257800.0,5.0,238.992,5.1,69.14804000000001,212.7,0.37,81.862,125819,70840.0,37.55,14.6723115
2016-05-01,179.419,2016,5,58886.0,205414200.0,5.1,239.557,4.8,69.28429,213.7,0.37,81.862,125819,70840.0,37.55,14.6723115
2016-06-01,180.088,2016,6,58985.0,205551200.0,5.3,240.222,4.9,69.19458,214.6,0.38,81.862,125819,70840.0,37.55,14.6723115
2016-07-01,180.847,2016,7,59084.0,205694000.0,4.5,240.101,4.8,69.28483,215.3,0.39,81.862,125819,70840.0,37.55,14.6723115
2016-08-01,181.836,2016,8,59154.666666666664,205675500.0,5.0,240.545,4.9,69.37602,216.0,0.4,81.862,125819,70840.0,37.55,14.6723115
2016-09-01,182.81,2016,9,59225.333333333336,205731800.0,5.2,241.176,5.0,69.42687,215.3,0.4,81.862,125819,70840.0,37.55,14.6723115
2016-10-01,183.738,2016,10,59296.0,205844400.0,5.2,241.741,4.9,69.43211,214.8,0.4,81.862,125819,70840.0,37.55,14.6723115
2016-11-01,184.748,2016,11,59362.0,205828800.0,5.2,242.026,4.7,69.55502,214.5,0.41,81.862,125819,70840.0,37.55,14.6723115
2016-12-01,185.71,2016,12,59428.0,205939200.0,5.4,242.637,4.7,69.57292,215.5,0.54,81.862,125819,70840.0,37.55,14.6723115
2017-01-01,186.792,2017,1,59494.0,205382700.0,5.4,243.618,4.7,69.65077,217.3,0.65,82.058,126224,72090.0,35.771,15.0662904
2017-02-01,187.31,2017,2,59574.666666666664,205427600.0,5.3,244.006,4.6,69.72946,218.8,0.66,82.058,126224,72090.0,35.771,15.0662904
2017-03-01,187.988,2017,3,59655.333333333336,205329000.0,5.0,243.892,4.4,70.00137,219.7,0.79,82.058,126224,72090.0,35.771,15.0662904
2017-04-01,188.719,2017,4,59736.0,205360200.0,5.4,244.193,4.4,70.08839,221.0,0.9,82.058,126224,72090.0,35.771,15.0662904
2017-05-01,189.607,2017,5,59857.0,205472200.0,5.1,244.004,4.4,70.00261,221.7,0.91,82.058,126224,72090.0,35.771,15.0662904
2017-06-01,190.516,2017,6,59978.0,205641300.0,5.3,244.163,4.3,70.09669,221.9,1.04,82.058,126224,72090.0,35.771,15.0662904
2017-07-01,191.462,2017,7,60099.0,205746800.0,5.8,244.243,4.3,70.18177,221.9,1.15,82.058,126224,72090.0,35.771,15.0662904
2017-08-01,192.646,2017,8,60290.666666666664,205744300.0,6.1,245.183,4.4,70.15285,222.4,1.16,82.058,126224,72090.0,35.771,15.0662904
2017-09-01,193.741,2017,9,60482.333333333336,205679400.0,5.3,246.435,4.3,70.47726,223.1,1.15,82.058,126224,72090.0,35.771,15.0662904
2017-10-01,194.788,2017,10,60674.0,205727600.0,5.5,246.626,4.2,70.27003,223.9,1.15,82.058,126224,72090.0,35.771,15.0662904
2017-11-01,195.941,2017,11,60813.666666666664,205752000.0,4.8,247.284,4.2,70.31042,223.9,1.16,82.058,126224,72090.0,35.771,15.0662904
2017-12-01,197.161,2017,12,60953.333333333336,205858000.0,5.6,247.805,4.1,70.30235,224.1,1.3,82.058,126224,72090.0,35.771,15.0662904
2018-01-01,198.301,2018,1,61093.0,206369400.0,6.0,248.859,4.0,70.32028000000001,225.8,1.41,82.256,127586,73030.0,38.859,15.39769758
2018-02-01,199.228,2018,2,61174.0,206278600.0,5.7,249.529,4.1,70.6001,228.7,1.42,82.256,127586,73030.0,38.859,15.39769758
2018-03-01,199.966,2018,3,61255.0,206232800.0,5.2,249.577,4.0,70.54984,231.3,1.51,82.256,127586,73030.0,38.859,15.39769758
2018-04-01,200.661,2018,4,61336.0,206235600.0,5.6,250.227,4.0,70.53323,232.4,1.69,82.256,127586,73030.0,38.859,15.39769758
2018-05-01,201.424,2018,5,61431.333333333336,206416700.0,5.5,250.792,3.8,70.71712,236.8,1.7,82.256,127586,73030.0,38.859,15.39769758
2018-06-01,202.239,2018,6,61526.666666666664,206576500.0,5.8,251.018,4.0,70.69332,239.2,1.82,82.256,127586,73030.0,38.859,15.39769758
2018-07-01,202.91,2018,7,61622.0,206633500.0,6.0,251.214,3.8,70.86755,239.6,1.91,82.256,127586,73030.0,38.859,15.39769758
2018-08-01,203.656,2018,8,61621.0,206715100.0,6.5,251.663,3.8,70.57458000000001,239.4,1.91,82.256,127586,73030.0,38.859,15.39769758
2018-09-01,204.313,2018,9,61620.0,206667400.0,6.6,252.182,3.7,70.77269,240.0,1.95,82.256,127586,73030.0,38.859,15.39769758
2018-10-01,205.079,2018,10,61619.0,206648000.0,7.2,252.772,3.8,70.93236999999999,238.7,2.19,82.256,127586,73030.0,38.859,15.39769758
2018-11-01,205.652,2018,11,61709.0,206611800.0,6.4,252.594,3.8,70.98536999999999,238.8,2.2,82.256,127586,73030.0,38.859,15.39769758
2018-12-01,206.142,2018,12,61799.0,206776000.0,7.6,252.767,3.9,71.0135,238.3,2.27,82.256,127586,73030.0,38.859,15.39769758
2019-01-01,206.535,2019,1,61889.0,206330600.0,7.0,252.561,4.0,71.03024,238.5,2.4,82.459,128579.0,78250.0,40.185,15.79180083
2019-02-01,206.86,2019,2,62036.333333333336,206311400.0,6.3,253.319,3.8,71.06799000000001,238.1,2.4,82.459,128579.0,78250.0,40.185,15.79180083
2019-03-01,207.08,2019,3,62183.666666666664,206130600.0,5.6,254.277,3.8,71.05621,238.1,2.41,82.459,128579.0,78250.0,40.185,15.79180083
2019-04-01,207.533,2019,4,62331.0,206190300.0,5.7,255.233,3.7,71.13689000000001,237.2,2.42,82.459,128579.0,78250.0,40.185,15.79180083
2019-05-01,208.15,2019,5,62535.666666666664,206465400.0,6.5,255.296,3.6,71.14466999999999,237.3,2.39,82.459,128579.0,78250.0,40.185,15.79180083
2019-06-01,208.644,2019,6,62740.333333333336,206526300.0,5.4,255.213,3.6,71.24783000000001,236.3,2.38,82.459,128579.0,78250.0,40.185,15.79180083
2019-07-01,209.249,2019,7,62945.0,206375800.0,6.1,255.802,3.7,71.26698,235.6,2.4,82.459,128579.0,78250.0,40.185,15.79180083
2019-08-01,210.023,2019,8,63049.0,206384100.0,5.5,256.036,3.6,71.41702,234.4,2.13,82.459,128579.0,78250.0,40.185,15.79180083
2019-09-01,210.836,2019,9,63153.0,206304900.0,5.4,256.43,3.5,71.71688,234.4,2.04,82.459,128579.0,78250.0,40.185,15.79180083
2019-10-01,211.729,2019,10,63257.0,206187800.0,5.3,257.155,3.6,71.71452,233.8,1.83,82.459,128579.0,78250.0,40.185,15.79180083
2019-11-01,212.771,2019,11,62949.0,206203400.0,5.4,257.879,3.6,71.6877,232.8,1.55,82.459,128579.0,78250.0,40.185,15.79180083
2019-12-01,213.938,2019,12,62641.0,206268500.0,5.5,258.63,3.6,71.69821,232.2,1.55,82.459,128579.0,78250.0,40.185,15.79180083
2020-01-01,215.031,2020,1,62333.0,205747900.0,5.7,258.906,3.6,71.76446999999999,233.4,1.55,82.664,128451.0,76660.0,44.147,16.22340015
2020-02-01,215.897,2020,2,60683.0,205649800.0,5.6,259.246,3.5,71.80173,234.6,1.58,82.664,128451.0,76660.0,44.147,16.22340015
2020-03-01,216.457,2020,3,59033.0,205302700.0,6.4,258.15,4.4,70.50975,236.3,0.65,82.664,128451.0,76660.0,44.147,16.22340015
2020-04-01,216.858,2020,4,57383.0,206899600.0,6.7,256.126,14.8,60.17112,234.3,0.05,82.664,128451.0,76660.0,44.147,16.22340015
2020-05-01,216.999,2020,5,58856.333333333336,206848900.0,5.3,255.848,13.2,62.24371,233.3,0.05,82.664,128451.0,76660.0,44.147,16.22340015
2020-06-01,217.577,2020,6,60329.666666666664,205536000.0,4.0,257.004,11.0,64.7919,234.8,0.08,82.664,128451.0,76660.0,44.147,16.22340015
2020-07-01,219.287,2020,7,61803.0,205353400.0,3.5,258.408,10.2,65.38378,237.0,0.09,82.664,128451.0,76660.0,44.147,16.22340015
2020-08-01,222.26,2020,8,62005.666666666664,205688400.0,3.3,259.366,8.4,66.85184,240.9,0.1,82.664,128451.0,76660.0,44.147,16.22340015
2020-09-01,225.723,2020,9,62208.333333333336,206084100.0,3.5,259.951,7.8,66.92528,246.9,0.09,82.664,128451.0,76660.0,44.147,16.22340015
2020-10-01,229.649,2020,10,62411.0,205972600.0,3.3,260.249,6.8,67.8985,246.4,0.09,82.664,128451.0,76660.0,44.147,16.22340015
2020-11-01,233.218,2020,11,62682.0,206186900.0,3.9,260.895,6.7,67.80861999999999,244.3,0.09,82.664,128451.0,76660.0,44.147,16.22340015
2020-12-01,236.542,2020,12,62953.0,206156100.0,4.1,262.005,6.7,67.95289,248.0,0.09,82.664,128451.0,76660.0,44.147,16.22340015
2021-01-01,239.68,2021,1,63224.0,205153400.0,4.1,262.518,6.4,68.19659,256.4,0.09,82.873,129224.0,76330.0,45.299,16.67889549
2021-02-01,242.428,2021,2,63533.666666666664,205157000.0,4.8,263.583,6.2,68.46069,264.6,0.08,82.873,129224.0,76330.0,45.299,16.67889549
2021-03-01,245.541,2021,3,63843.333333333336,205127400.0,4.3,264.91,6.1,68.58292,276.7,0.07,82.873,129224.0,76330.0,45.299,16.67889549
2021-04-01,249.125,2021,4,64153.0,205502000.0,4.6,266.752,6.1,68.64573,291.8,0.07,82.873,129224.0,76330.0,45.299,16.67889549
2021-05-01,253.419,2021,5,64305.666666666664,205648300.0,5.5,268.452,5.8,68.97804000000001,305.9,0.06,82.873,129224.0,76330.0,45.299,16.67889549
2021-06-01,258.246,2021,6,64458.333333333336,205397300.0,6.0,270.664,5.9,69.11287,315.7,0.08,82.873,129224.0,76330.0,45.299,16.67889549
2021-07-01,262.616,2021,7,64611.0,205301200.0,6.0,271.994,5.4,69.67599,313.542,0.1,82.873,129224.0,76330.0,45.299,16.67889549
2021-08-01,266.582,2021,8,64956.666666666664,205297700.0,6.5,272.789,5.1,69.67438,313.083,0.09,82.873,129224.0,76330.0,45.299,16.67889549
2021-09-01,270.166,2021,9,65302.333333333336,205467700.0,6.2,273.887,4.7,69.94469000000001,317.136,0.08,82.873,129224.0,76330.0,45.299,16.67889549
2021-10-01,273.546,2021,10,65648.0,205331300.0,6.7,276.434,4.5,70.21243,322.12,0.08,82.873,129224.0,76330.0,45.299,16.67889549
2021-11-01,277.262,2021,11,65526.666666666664,205362500.0,5.9,278.799,4.1,70.61934000000001,328.94,0.08,82.873,129224.0,76330.0,45.299,16.67889549
2021-12-01,281.486,2021,12,65405.333333333336,205328300.0,5.6,280.808,3.9,70.83514,335.032,0.08,82.873,129224.0,76330.0,45.299,16.67889549
2022-01-01,286.172,2022,1,65284.0,207070000.0,5.9,282.39,4.0,70.72739,345.742,0.08,83.084,131202.0,74580.0,48.021,17.12812055
2022-02-01,291.242,2022,2,65231.666666666664,207000000.0,6.1,284.535,3.8,70.8944,343.583,0.08,83.084,131202.0,74580.0,48.021,17.12812055
2022-03-01,296.512,2022,3,65179.333333333336,206832800.0,6.9,287.553,3.6,71.21769,345.852,0.2,83.084,131202.0,74580.0,48.021,17.12812055
2022-04-01,300.584,2022,4,65127.0,206943900.0,8.2,288.764,3.7,71.19485,343.786,0.33,83.084,131202.0,74580.0,48.021,17.12812055
2022-05-01,303.704,2022,5,65241.0,207138800.0,8.1,291.359,3.6,71.36476,353.015,0.77,83.084,131202.0,74580.0,48.021,17.12812055
2022-06-01,304.468,2022,6,65355.0,207380600.0,9.9,294.996,3.6,71.23962,349.8,1.21,83.084,131202.0,74580.0,48.021,17.12812055
2022-07-01,303.505,2022,7,65469.0,207450900.0,10.6,294.977,3.5,71.33625,346.79,1.68,83.084,131202.0,74580.0,48.021,17.12812055
2022-08-01,301.029,2022,8,65579.0,207438500.0,8.6,295.209,3.6,71.47372,342.753,2.33,83.084,131202.0,74580.0,48.021,17.12812055
2022-09-01,299.006,2022,9,65689.0,207503400.0,9.9,296.341,3.5,71.4325,336.464,2.56,83.084,131202.0,74580.0,48.021,17.12812055
2022-10-01,298.612,2022,10,65799.0,207522800.0,9.7,297.863,3.6,71.29188,333.796,3.08,83.084,131202.0,74580.0,48.021,17.12812055
2022-11-01,298.332,2022,11,65898.0,207587800.0,9.2,298.648,3.6,71.30185,330.369,3.78,83.084,131202.0,74580.0,48.021,17.12812055
2022-12-01,297.628,2022,12,65997.0,207569600.0,8.6,298.812,3.5,71.63156,326.449,4.1,83.084,131202.0,74580.0,48.021,17.12812055
